{"count":25,"results":[{"id":3,"user_id":24,"team_id":4,"name":"Hint 2","description":"Hint for DanIsCool0922","date":"2020-11-21T06:18:22","value":-10,"category":"hints","icon":null,"requirements":null,"type":"standard"},{"id":4,"user_id":27,"team_id":13,"name":"Hint 6","description":"Hint for Inject","date":"2020-11-21T06:48:57","value":-20,"category":"hints","icon":null,"requirements":null,"type":"standard"},{"id":5,"user_id":15,"team_id":10,"name":"Hint 5","description":"Hint for emdeefivee","date":"2020-11-21T07:00:34","value":-5,"category":"hints","icon":null,"requirements":null,"type":"standard"},{"id":6,"user_id":25,"team_id":20,"name":"Hint 6","description":"Hint for Inject","date":"2020-11-21T07:13:02","value":-20,"category":"hints","icon":null,"requirements":null,"type":"standard"},{"id":7,"user_id":29,"team_id":20,"name":"Hint 5","description":"Hint for emdeefivee","date":"2020-11-21T07:15:15","value":-5,"category":"hints","icon":null,"requirements":null,"type":"standard"},{"id":8,"user_id":25,"team_id":20,"name":"Hint 7","description":"Hint for Inject","date":"2020-11-21T07:19:00","value":-20,"category":"hints","icon":null,"requirements":null,"type":"standard"},{"id":9,"user_id":29,"team_id":20,"name":"Hint 4","description":"Hint for Spam","date":"2020-11-21T07:19:50","value":-5,"category":"hints","icon":null,"requirements":null,"type":"standard"},{"id":10,"user_id":15,"team_id":10,"name":"Hint 4","description":"Hint for Spam","date":"2020-11-21T07:19:54","value":-5,"category":"hints","icon":null,"requirements":null,"type":"standard"},{"id":11,"user_id":34,"team_id":19,"name":"Hint 6","description":"Hint for Inject","date":"2020-11-21T07:23:49","value":-20,"category":"hints","icon":null,"requirements":null,"type":"standard"},{"id":12,"user_id":28,"team_id":18,"name":"Hint 2","description":"Hint for DanIsCool0922","date":"2020-11-21T07:40:09","value":-10,"category":"hints","icon":null,"requirements":null,"type":"standard"},{"id":13,"user_id":34,"team_id":19,"name":"Hint 5","description":"Hint for emdeefivee","date":"2020-11-21T07:42:38","value":-5,"category":"hints","icon":null,"requirements":null,"type":"standard"},{"id":14,"user_id":15,"team_id":10,"name":"Hint 6","description":"Hint for Inject","date":"2020-11-21T07:43:00","value":-20,"category":"hints","icon":null,"requirements":null,"type":"standard"},{"id":15,"user_id":7,"team_id":5,"name":"Hint 8","description":"Hint for Caesar Salad","date":"2020-11-21T07:45:52","value":-5,"category":"hints","icon":null,"requirements":null,"type":"standard"},{"id":16,"user_id":34,"team_id":19,"name":"Hint 7","description":"Hint for Inject","date":"2020-11-21T07:46:12","value":-20,"category":"hints","icon":null,"requirements":null,"type":"standard"},{"id":17,"user_id":7,"team_id":5,"name":"Hint 5","description":"Hint for emdeefivee","date":"2020-11-21T07:47:36","value":-5,"category":"hints","icon":null,"requirements":null,"type":"standard"},{"id":18,"user_id":28,"team_id":18,"name":"Hint 4","description":"Hint for Spam","date":"2020-11-21T07:50:43","value":-5,"category":"hints","icon":null,"requirements":null,"type":"standard"},{"id":19,"user_id":28,"team_id":18,"name":"Hint 5","description":"Hint for emdeefivee","date":"2020-11-21T07:52:43","value":-5,"category":"hints","icon":null,"requirements":null,"type":"standard"},{"id":20,"user_id":7,"team_id":5,"name":"Hint 10","description":"Hint for I Love Math","date":"2020-11-21T07:54:02","value":-10,"category":"hints","icon":null,"requirements":null,"type":"standard"},{"id":21,"user_id":29,"team_id":20,"name":"Hint 8","description":"Hint for Caesar Salad","date":"2020-11-21T07:54:20","value":-5,"category":"hints","icon":null,"requirements":null,"type":"standard"},{"id":22,"user_id":27,"team_id":13,"name":"Hint 1","description":"Hint for Graph","date":"2020-11-21T07:55:27","value":-10,"category":"hints","icon":null,"requirements":null,"type":"standard"},{"id":23,"user_id":22,"team_id":14,"name":"Hint 9","description":"Hint for I Love Math","date":"2020-11-21T08:20:52","value":-20,"category":"hints","icon":null,"requirements":null,"type":"standard"},{"id":24,"user_id":7,"team_id":5,"name":"Hint 6","description":"Hint for Inject","date":"2020-11-21T18:38:19","value":-20,"category":"hints","icon":null,"requirements":null,"type":"standard"},{"id":25,"user_id":7,"team_id":5,"name":"Hint 7","description":"Hint for Inject","date":"2020-11-21T18:38:24","value":-20,"category":"hints","icon":null,"requirements":null,"type":"standard"},{"id":26,"user_id":7,"team_id":5,"name":"Hint 11","description":"Hint for I Love Math","date":"2020-11-21T18:38:50","value":-50,"category":"hints","icon":null,"requirements":null,"type":"standard"},{"id":27,"user_id":7,"team_id":5,"name":"Hint 9","description":"Hint for I Love Math","date":"2020-11-21T18:39:01","value":-20,"category":"hints","icon":null,"requirements":null,"type":"standard"}],"meta":{}}