{"count":17,"results":[{"id":1,"name":"Rotting mind","description":"After trying to crack this for 13 hours straight, I think my mind is starting to rot...\r\n\r\n`synt{x33c_l0he_z1aq_npg1i3}`\r\n\r\nFlag is in the format `flag{value}`","max_attempts":0,"value":10,"category":"Cryptography","type":"standard","state":"visible","requirements":null},{"id":2,"name":"Double Trouble","description":"Bet you can't decrypt this...\r\n\r\nFlag is in the format `flag{value}`","max_attempts":0,"value":10,"category":"Cryptography","type":"standard","state":"visible","requirements":null},{"id":3,"name":"Monday blues","description":"Here's a list of days that I was sad, I really want to know how many of those days were Mondays. However, I messed up and all the dates in the list is 15 days before the actual date. Please help me find out the number of Mondays I was sad...\r\n\r\nFlag is in the format `flag{no. of Mondays}`","max_attempts":0,"value":10,"category":"Programming","type":"standard","state":"visible","requirements":null},{"id":4,"name":"Numbers Numbers Numbers","description":"I found this list of numbers on computer. I need to know how many lines where the number of 2's is a multiple of 2 or the number of 5's is a multiple of 3. Please help me...\r\n\r\nEg; 123 has one 2's whereas 1232 has two 2's. Similarly, 543 has one 5's whereas 55435 has three 5's\r\n\r\nFlag is in the format `flag{no. of lines}`","max_attempts":0,"value":10,"category":"Programming","type":"standard","state":"visible","requirements":null},{"id":5,"name":"Graph","description":"This audio file seems weird. Maybe u can see something different.\r\n\r\n*Creator - @Coldspot","max_attempts":0,"value":50,"category":"Misc","type":"standard","state":"visible","requirements":null},{"id":7,"name":"Show me!","description":"Ohh Mr... Please show me the password!\r\n\r\n`show-me.ctf.nullsecsig.com/Show me.html`\r\n\r\n*Creator - @Zibin","max_attempts":0,"value":50,"category":"Misc","type":"standard","state":"visible","requirements":null},{"id":8,"name":"DanIsCool0922","description":"Dan, is hosting a giveaway on Twitter of a $30 App store Gift card to celebrate his personal milestone!\r\n\r\nCreator - @Dogerinoo (Lim Yi Jie)","max_attempts":0,"value":80,"category":"OSINT","type":"standard","state":"visible","requirements":null},{"id":9,"name":"Spam","description":"The server at port 8080 is acting up again. Apparently 1000 times is enough to set it straight. Please help me get the flag\r\n\r\n*Creator - @Coldspot","max_attempts":0,"value":75,"category":"Programming","type":"standard","state":"visible","requirements":null},{"id":10,"name":"emdeefivee","description":"Agent port 8081 wants to test you your computing skills, maybe doing it in your head, that would be faster.","max_attempts":0,"value":50,"category":"Programming","type":"standard","state":"visible","requirements":null},{"id":11,"name":"Inject","description":"Ping... Ping... Ping... \r\nFind the flag at ./flag.txt :D\r\n\r\n`inject.ctf.nullsecsig.com`\r\n\r\n*Creator - @Coldspot","max_attempts":0,"value":100,"category":"Web","type":"standard","state":"visible","requirements":null},{"id":12,"name":"Caesar Salad","description":"My friend Caesar sent me a message encoded by his own cryptosystem. He says it is already well-known internationally but with a twist. What did he say?","max_attempts":0,"value":10,"category":"Cryptography","type":"standard","state":"visible","requirements":null},{"id":14,"name":"I Love Math","description":"Math like ez oni, but is it though... submit the flag format with the HNF{}\r\n\r\n`math.ctf.nullsecsig.com`\r\n\r\nCreator - @AxiaMil","max_attempts":0,"value":400,"category":"Misc","type":"standard","state":"visible","requirements":null},{"id":16,"name":"One Time Cipher","description":"The Message seems to be encrypted using a One Time Pad.\r\nSubmit in HNF{\u2026} format.\r\n\r\nCreator Name: Colin","max_attempts":0,"value":20,"category":"Cryptography","type":"standard","state":"visible","requirements":null},{"id":17,"name":"Rosicrucian Cipher","description":"A friend sent to me what seem like a pig pen cipher decode it.\r\nSubmit in HNF{\u2026} format.\r\n\r\nCreator Name: Colin","max_attempts":0,"value":10,"category":"Cryptography","type":"standard","state":"visible","requirements":null},{"id":18,"name":"PCAP","description":"You have managed to capture a packet on your target\u2019s system find the message file.\r\nSubmit in HNF{\u2026} format.\r\n\r\nCreator Name: Colin","max_attempts":0,"value":30,"category":"Misc","type":"standard","state":"visible","requirements":null},{"id":20,"name":"CTF Survey","description":"Feedback us! The flag will be shown after the survey!\r\n\r\nhttps://forms.gle/rzzfXw4DgAqGrdbx9","max_attempts":0,"value":10,"category":"Feedback","type":"standard","state":"visible","requirements":null},{"id":21,"name":"Materials Survey","description":"Feedback us! The flag would be shown after you complete the survey.\r\n\r\nhttps://forms.gle/fThvvr4UB4vrezr19","max_attempts":0,"value":10,"category":"Feedback","type":"standard","state":"visible","requirements":null}],"meta":{}}