{"count":10,"results":[{"id":1,"type":"challenge","location":"d967ab57faa68d051966faaf35acc062/challenge.txt","challenge_id":2,"page_id":null},{"id":3,"type":"challenge","location":"d323bbba55ffcfb270888dbe315a3109/challenge.txt","challenge_id":3,"page_id":null},{"id":4,"type":"challenge","location":"a7b968d1e172cd7e4d32e3d3bdafeaa7/challenge.txt","challenge_id":4,"page_id":null},{"id":5,"type":"challenge","location":"20e22bdf2db51967acecfef0faf23d32/flag.wav","challenge_id":5,"page_id":null},{"id":6,"type":"challenge","location":"51cc6bea7c50f2a812e22b1709ad79e3/index.php","challenge_id":11,"page_id":null},{"id":7,"type":"challenge","location":"5ee9f38ae9d47f87c6c177c13617c4e4/Caesar_Salad.txt","challenge_id":12,"page_id":null},{"id":8,"type":"challenge","location":"185cd7f73eb4b6135aeddedbc7c39de5/rossithing.JPG","challenge_id":17,"page_id":null},{"id":9,"type":"challenge","location":"fd96740503fc9afd2ff53fc8bac3520f/Capture.pcapng","challenge_id":18,"page_id":null},{"id":10,"type":"challenge","location":"e68ae6d17ede472e4fd68e64e333d22b/Message.txt","challenge_id":16,"page_id":null},{"id":11,"type":"standard","location":"467695be328d7eff4da4d13002072dce/NullSec_Official_Logo_auto_x2.png","challenge_id":null,"page_id":null}],"meta":{}}