{"count":17,"results":[{"id":1,"challenge_id":2,"type":"static","content":"flag{sup3r_s3cur3}","data":"case_insensitive"},{"id":2,"challenge_id":1,"type":"static","content":"flag{k33p_y0ur_m1nd_act1v3}","data":"case_insensitive"},{"id":4,"challenge_id":3,"type":"static","content":"flag{63}","data":"case_insensitive"},{"id":5,"challenge_id":4,"type":"static","content":"flag{1520}","data":"case_insensitive"},{"id":6,"challenge_id":5,"type":"static","content":"HNF{4UD10_15_DUM8}","data":""},{"id":7,"challenge_id":7,"type":"static","content":"HNF{i5_it_ch3cked_n0w?}","data":""},{"id":8,"challenge_id":8,"type":"static","content":"HNF{iph0n3_l00ks_g00d}","data":""},{"id":9,"challenge_id":9,"type":"static","content":"HNF{just_pur3_brut3_str3ngth!!}","data":""},{"id":10,"challenge_id":11,"type":"static","content":"HNF{y0u_f0und_me}","data":""},{"id":11,"challenge_id":12,"type":"static","content":"HNF{wh4t_f0r_d1nner?}","data":""},{"id":12,"challenge_id":10,"type":"static","content":"HNF{H@5h35_r_@_5cAm_LOL_1457465344523}","data":""},{"id":13,"challenge_id":14,"type":"static","content":"HNF{00bfuscAt3_0ut_0f_W0rLD}","data":""},{"id":14,"challenge_id":16,"type":"static","content":"HNF{ONEATATIME}","data":""},{"id":15,"challenge_id":17,"type":"static","content":"HNF{UHAKKEDIT}","data":""},{"id":16,"challenge_id":18,"type":"static","content":"HNF{Wir3_SahRk}","data":""},{"id":17,"challenge_id":20,"type":"static","content":"YCEP{n1c3_surv3y}","data":""},{"id":18,"challenge_id":21,"type":"static","content":"HNF{m4t3rials_surv3y!!}","data":""}],"meta":{}}