{"count":11,"results":[{"id":1,"type":"standard","challenge_id":5,"content":"The audacity for u to peek at the hints!!!","cost":10,"requirements":null},{"id":2,"type":"standard","challenge_id":8,"content":"His Twitter handle is @DanIsCool0922","cost":10,"requirements":null},{"id":3,"type":"standard","challenge_id":8,"content":"His Twitch username is 0922_GamerDan","cost":40,"requirements":null},{"id":4,"type":"standard","challenge_id":9,"content":"Netcat will be your friend","cost":5,"requirements":null},{"id":5,"type":"standard","challenge_id":10,"content":"Netcat will be your friend","cost":5,"requirements":null},{"id":6,"type":"standard","challenge_id":11,"content":"Look up regex modifiers","cost":20,"requirements":null},{"id":7,"type":"standard","challenge_id":11,"content":"Glob Glob Glob","cost":20,"requirements":null},{"id":8,"type":"standard","challenge_id":12,"content":"He explained that it was rotating some letters... But by how much?","cost":5,"requirements":null},{"id":9,"type":"standard","challenge_id":14,"content":"z1 + z1 + z1","cost":20,"requirements":null},{"id":10,"type":"standard","challenge_id":14,"content":"teeorbfuuskatee the source code","cost":10,"requirements":null},{"id":11,"type":"standard","challenge_id":14,"content":"the wordlength is 23 and the last 5 words is _W0rLD","cost":50,"requirements":null}],"meta":{}}