{"count":5,"results":[{"id":1,"title":"Feedbacks are out!","content":"Check out the new challenges under feedbacks! Fill in the form for more flags!!!!","date":"2020-11-21T07:34:32","user_id":null,"team_id":null},{"id":3,"title":"Scoreboard will be closed @3.55pm!","content":"Update from the previous notification*","date":"2020-11-21T07:47:01","user_id":null,"team_id":null},{"id":4,"title":"Ends at 4.15 not 4 :D","content":"","date":"2020-11-21T08:02:14","user_id":null,"team_id":null},{"id":5,"title":"Ending in 4 minutes!","content":"rush rush rush!","date":"2020-11-21T08:11:26","user_id":null,"team_id":null},{"id":6,"title":"Ended!","content":"","date":"2020-11-21T08:15:51","user_id":null,"team_id":null}],"meta":{}}