{"count":1,"results":[{"id":1,"title":"None","route":"index","content":"<div class=\"row\">\r\n    <div class=\"col-md-6 offset-md-3\">\r\n        <img class=\"w-100 mx-auto d-block\" style=\"max-width: 500px;padding: 50px;padding-top: 14vh;\" src=\"files/467695be328d7eff4da4d13002072dce/NullSec_Official_Logo_auto_x2.png\" />\r\n        <h3 class=\"text-center\">\r\n            <p>Hack N Flag 2020</a></p>\r\n            <p>Follow us on social media:</p>\r\n            <a href=\"https://www.instagram.com/nullsec.sig/\"><i class=\"fab fa-instagram fa-2x\" aria-hidden=\"true\"></i></a>&nbsp;\r\n        </h3>\r\n        <br>\r\n        <h4 class=\"text-center\">\r\n            <a href=\"login\">Click here</a> to login\r\n        </h4>\r\n    </div>\r\n</div>","draft":0,"hidden":0,"auth_required":0}],"meta":{}}