{"count":109,"results":[{"id":30,"challenge_id":1,"user_id":24,"team_id":4},{"id":32,"challenge_id":2,"user_id":5,"team_id":4},{"id":33,"challenge_id":12,"user_id":5,"team_id":4},{"id":52,"challenge_id":2,"user_id":15,"team_id":10},{"id":57,"challenge_id":1,"user_id":8,"team_id":6},{"id":60,"challenge_id":12,"user_id":15,"team_id":10},{"id":61,"challenge_id":2,"user_id":8,"team_id":6},{"id":73,"challenge_id":12,"user_id":8,"team_id":6},{"id":74,"challenge_id":12,"user_id":11,"team_id":9},{"id":87,"challenge_id":17,"user_id":7,"team_id":5},{"id":92,"challenge_id":16,"user_id":8,"team_id":6},{"id":100,"challenge_id":18,"user_id":8,"team_id":6},{"id":101,"challenge_id":9,"user_id":5,"team_id":4},{"id":106,"challenge_id":16,"user_id":7,"team_id":5},{"id":123,"challenge_id":18,"user_id":25,"team_id":20},{"id":135,"challenge_id":5,"user_id":24,"team_id":4},{"id":139,"challenge_id":17,"user_id":15,"team_id":10},{"id":142,"challenge_id":18,"user_id":15,"team_id":10},{"id":145,"challenge_id":2,"user_id":7,"team_id":5},{"id":146,"challenge_id":7,"user_id":24,"team_id":4},{"id":152,"challenge_id":3,"user_id":29,"team_id":20},{"id":153,"challenge_id":12,"user_id":27,"team_id":13},{"id":158,"challenge_id":8,"user_id":24,"team_id":4},{"id":162,"challenge_id":5,"user_id":15,"team_id":10},{"id":164,"challenge_id":1,"user_id":27,"team_id":13},{"id":171,"challenge_id":18,"user_id":5,"team_id":4},{"id":176,"challenge_id":8,"user_id":15,"team_id":10},{"id":180,"challenge_id":18,"user_id":7,"team_id":5},{"id":188,"challenge_id":17,"user_id":5,"team_id":4},{"id":192,"challenge_id":7,"user_id":8,"team_id":6},{"id":196,"challenge_id":4,"user_id":29,"team_id":20},{"id":198,"challenge_id":16,"user_id":14,"team_id":7},{"id":205,"challenge_id":7,"user_id":15,"team_id":10},{"id":207,"challenge_id":1,"user_id":17,"team_id":9},{"id":215,"challenge_id":5,"user_id":25,"team_id":20},{"id":222,"challenge_id":7,"user_id":25,"team_id":20},{"id":224,"challenge_id":16,"user_id":5,"team_id":4},{"id":230,"challenge_id":1,"user_id":14,"team_id":7},{"id":232,"challenge_id":16,"user_id":16,"team_id":12},{"id":233,"challenge_id":16,"user_id":15,"team_id":10},{"id":234,"challenge_id":7,"user_id":7,"team_id":5},{"id":239,"challenge_id":17,"user_id":16,"team_id":12},{"id":243,"challenge_id":12,"user_id":14,"team_id":7},{"id":246,"challenge_id":16,"user_id":34,"team_id":19},{"id":248,"challenge_id":2,"user_id":14,"team_id":7},{"id":263,"challenge_id":2,"user_id":33,"team_id":16},{"id":267,"challenge_id":8,"user_id":8,"team_id":6},{"id":298,"challenge_id":17,"user_id":34,"team_id":19},{"id":309,"challenge_id":7,"user_id":11,"team_id":9},{"id":311,"challenge_id":17,"user_id":14,"team_id":7},{"id":324,"challenge_id":17,"user_id":20,"team_id":16},{"id":326,"challenge_id":8,"user_id":14,"team_id":7},{"id":355,"challenge_id":1,"user_id":15,"team_id":10},{"id":410,"challenge_id":17,"user_id":11,"team_id":9},{"id":420,"challenge_id":9,"user_id":15,"team_id":10},{"id":431,"challenge_id":16,"user_id":20,"team_id":16},{"id":435,"challenge_id":5,"user_id":16,"team_id":12},{"id":440,"challenge_id":4,"user_id":5,"team_id":4},{"id":463,"challenge_id":18,"user_id":17,"team_id":9},{"id":465,"challenge_id":12,"user_id":20,"team_id":16},{"id":470,"challenge_id":5,"user_id":14,"team_id":7},{"id":472,"challenge_id":5,"user_id":8,"team_id":6},{"id":474,"challenge_id":20,"user_id":5,"team_id":4},{"id":477,"challenge_id":20,"user_id":14,"team_id":7},{"id":478,"challenge_id":20,"user_id":15,"team_id":10},{"id":479,"challenge_id":21,"user_id":5,"team_id":4},{"id":480,"challenge_id":21,"user_id":9,"team_id":7},{"id":481,"challenge_id":21,"user_id":15,"team_id":10},{"id":482,"challenge_id":20,"user_id":11,"team_id":9},{"id":485,"challenge_id":21,"user_id":33,"team_id":16},{"id":487,"challenge_id":21,"user_id":17,"team_id":9},{"id":490,"challenge_id":17,"user_id":29,"team_id":20},{"id":491,"challenge_id":20,"user_id":28,"team_id":18},{"id":493,"challenge_id":20,"user_id":20,"team_id":16},{"id":495,"challenge_id":18,"user_id":34,"team_id":19},{"id":498,"challenge_id":20,"user_id":29,"team_id":20},{"id":499,"challenge_id":18,"user_id":9,"team_id":7},{"id":502,"challenge_id":16,"user_id":18,"team_id":13},{"id":504,"challenge_id":21,"user_id":29,"team_id":20},{"id":505,"challenge_id":21,"user_id":28,"team_id":18},{"id":510,"challenge_id":2,"user_id":11,"team_id":9},{"id":530,"challenge_id":9,"user_id":7,"team_id":5},{"id":532,"challenge_id":21,"user_id":27,"team_id":13},{"id":533,"challenge_id":8,"user_id":7,"team_id":5},{"id":534,"challenge_id":1,"user_id":20,"team_id":16},{"id":546,"challenge_id":20,"user_id":7,"team_id":5},{"id":549,"challenge_id":20,"user_id":27,"team_id":13},{"id":554,"challenge_id":21,"user_id":7,"team_id":5},{"id":582,"challenge_id":12,"user_id":7,"team_id":5},{"id":600,"challenge_id":17,"user_id":18,"team_id":13},{"id":602,"challenge_id":21,"user_id":16,"team_id":12},{"id":604,"challenge_id":17,"user_id":10,"team_id":6},{"id":607,"challenge_id":20,"user_id":16,"team_id":12},{"id":613,"challenge_id":4,"user_id":12,"team_id":5},{"id":615,"challenge_id":1,"user_id":29,"team_id":20},{"id":618,"challenge_id":2,"user_id":29,"team_id":20},{"id":624,"challenge_id":5,"user_id":33,"team_id":16},{"id":637,"challenge_id":7,"user_id":16,"team_id":12},{"id":648,"challenge_id":12,"user_id":25,"team_id":20},{"id":686,"challenge_id":3,"user_id":15,"team_id":10},{"id":700,"challenge_id":7,"user_id":22,"team_id":14},{"id":704,"challenge_id":1,"user_id":7,"team_id":5},{"id":706,"challenge_id":3,"user_id":5,"team_id":4},{"id":708,"challenge_id":16,"user_id":29,"team_id":20},{"id":717,"challenge_id":20,"user_id":21,"team_id":11},{"id":719,"challenge_id":20,"user_id":8,"team_id":6},{"id":721,"challenge_id":21,"user_id":21,"team_id":11},{"id":723,"challenge_id":21,"user_id":8,"team_id":6},{"id":756,"challenge_id":18,"user_id":16,"team_id":12}],"meta":{}}