{"count":18,"results":[{"id":2,"oauth_id":null,"name":"Admin","email":null,"password":"$bcrypt-sha256$2b,12$0kN971TsccdjlBoQd158q.$YiHQcnJo8ld6yGUlIxwHe3ySwyUvdo6","secret":null,"website":null,"affiliation":null,"country":null,"bracket":null,"hidden":1,"banned":0,"created":"2020-11-20T01:16:07","captain_id":1},{"id":4,"oauth_id":null,"name":"Gacha Hell","email":null,"password":"$bcrypt-sha256$2b,12$YTtxO18MpSAkclEeyfJ9GO$M/gtse7oH6xEwsOHlC4207Vs2PS7HuC","secret":null,"website":null,"affiliation":null,"country":null,"bracket":null,"hidden":0,"banned":0,"created":"2020-11-21T06:06:00","captain_id":5},{"id":5,"oauth_id":null,"name":"Intellect Pigeons","email":null,"password":"$bcrypt-sha256$2b,12$iUjxbzQSnecpGlkl55E86.$CfTqNfwnl4lpZdDynnyvxmhsUnZNf7a","secret":null,"website":null,"affiliation":null,"country":null,"bracket":null,"hidden":0,"banned":0,"created":"2020-11-21T06:06:42","captain_id":7},{"id":6,"oauth_id":null,"name":"thegreyhathackers","email":null,"password":"$bcrypt-sha256$2b,12$EL3WWPRlucty2Q.Xs18V2.$uD9ovTfDhdRU7tHJoJB96AtQTkLA.52","secret":null,"website":null,"affiliation":null,"country":null,"bracket":null,"hidden":0,"banned":0,"created":"2020-11-21T06:07:02","captain_id":8},{"id":7,"oauth_id":null,"name":"Grey Crackers","email":null,"password":"$bcrypt-sha256$2b,12$hjkiuT4/YKJtnrIX2qCkI.$7B7ZbuPIh8E6dSL3cYRuMdRXmWMgpJy","secret":null,"website":null,"affiliation":null,"country":null,"bracket":null,"hidden":0,"banned":0,"created":"2020-11-21T06:07:29","captain_id":9},{"id":8,"oauth_id":null,"name":"whatisateam","email":null,"password":"$bcrypt-sha256$2b,12$pqSQYaU5ncc7R1rfEQmLR.$L.VfUwG7YnYO4hQpaWK1evozyNvQS16","secret":null,"website":null,"affiliation":null,"country":null,"bracket":null,"hidden":0,"banned":0,"created":"2020-11-21T06:08:07","captain_id":13},{"id":9,"oauth_id":null,"name":"Anonymous Cat","email":null,"password":"$bcrypt-sha256$2b,12$nfjodKUZQCFzyGCDlsFhiu$jbUD8CUboWe1xMmjbpZ7fEFzba7CEDe","secret":null,"website":null,"affiliation":null,"country":null,"bracket":null,"hidden":0,"banned":0,"created":"2020-11-21T06:08:45","captain_id":11},{"id":10,"oauth_id":null,"name":"6yearolds","email":null,"password":"$bcrypt-sha256$2b,12$5Ocwk2p6O4lCEsscQCqI4e$I43rT6n4v0N9TIAQTxiMro9PzgTy5EC","secret":null,"website":null,"affiliation":null,"country":null,"bracket":null,"hidden":0,"banned":0,"created":"2020-11-21T06:08:46","captain_id":15},{"id":11,"oauth_id":null,"name":"fortiuswillwin","email":null,"password":"$bcrypt-sha256$2b,12$C237txd6l2MSUup1OmQA.O$7kbTnOZwNlnVbEoGyiF6jp6kp982XzK","secret":null,"website":null,"affiliation":null,"country":null,"bracket":null,"hidden":0,"banned":0,"created":"2020-11-21T06:11:10","captain_id":21},{"id":12,"oauth_id":null,"name":"emergency food","email":null,"password":"$bcrypt-sha256$2b,12$/XoQN2RKXpmI8gXg5IfXiO$ghdPauTkdR074Hx.jRAdvlHFYdeLqte","secret":null,"website":null,"affiliation":null,"country":null,"bracket":null,"hidden":0,"banned":0,"created":"2020-11-21T06:11:21","captain_id":16},{"id":13,"oauth_id":null,"name":"Big Url","email":null,"password":"$bcrypt-sha256$2b,12$O0Bc63.6QkIt1kfL6FkMHu$88NEWMT83QWM/xGwTh8A91pmu8MEjFC","secret":null,"website":"","affiliation":"","country":"","bracket":null,"hidden":0,"banned":0,"created":"2020-11-21T06:11:26","captain_id":18},{"id":14,"oauth_id":null,"name":"red sus","email":null,"password":"$bcrypt-sha256$2b,12$STzwq4v7WndL6xy1Us5gfu$zXAM4bRmg9i3htiGDl0a83DbKeZazqS","secret":null,"website":null,"affiliation":null,"country":null,"bracket":null,"hidden":0,"banned":0,"created":"2020-11-21T06:11:39","captain_id":22},{"id":16,"oauth_id":null,"name":"Team Ying Yang","email":null,"password":"$bcrypt-sha256$2b,12$tiXC3daSha/hPl.a9e8BHu$Xj5oF9hJ8G11c.kXZ6LxNuhySnbQ/Tq","secret":null,"website":null,"affiliation":null,"country":null,"bracket":null,"hidden":0,"banned":0,"created":"2020-11-21T06:13:01","captain_id":20},{"id":17,"oauth_id":null,"name":"NPC","email":null,"password":"$bcrypt-sha256$2b,12$iAKEhcwjSz2u7dOz7YPbmO$kW2ODygl66bmO.enTfOTZe2wfoZx/Uq","secret":null,"website":null,"affiliation":null,"country":null,"bracket":null,"hidden":0,"banned":0,"created":"2020-11-21T06:14:36","captain_id":26},{"id":18,"oauth_id":null,"name":"shopee 11 11","email":null,"password":"$bcrypt-sha256$2b,12$Aa3/W45Vz3UGpt17Ptly2.$7.exeJ2tAFbzDpUiqwLB6JhtpTUjm8S","secret":null,"website":null,"affiliation":null,"country":null,"bracket":null,"hidden":0,"banned":0,"created":"2020-11-21T06:16:08","captain_id":28},{"id":19,"oauth_id":null,"name":"nooblord","email":null,"password":"$bcrypt-sha256$2b,12$jSdPrxL3Zu2j/RjyxpX22e$YfIKw6lctt530ziTeucP556mOHeRl9q","secret":null,"website":null,"affiliation":null,"country":null,"bracket":null,"hidden":0,"banned":0,"created":"2020-11-21T06:23:46","captain_id":34},{"id":20,"oauth_id":null,"name":"h","email":null,"password":"$bcrypt-sha256$2b,12$w2yUyyIO3iSVijwIh9RvWu$cAeNdeASqJfPen5kqWLl.qD8Ge0ypva","secret":null,"website":"http://youareanidiot.com","affiliation":"your mom","country":"RS","bracket":null,"hidden":0,"banned":0,"created":"2020-11-21T06:27:19","captain_id":25},{"id":21,"oauth_id":null,"name":"test","email":null,"password":"$bcrypt-sha256$2b,12$p7L8L.L1PQBA8w5oD9gdXO$/y4FBizwVi39iv8C9iFMb7EzcaDHWnG","secret":null,"website":null,"affiliation":null,"country":null,"bracket":null,"hidden":0,"banned":0,"created":"2020-11-21T08:15:29","captain_id":37}],"meta":{}}