{"count":25,"results":[{"id":3,"user_id":24,"team_id":4,"target":2,"date":"2020-11-21T06:18:22","type":"hints"},{"id":4,"user_id":27,"team_id":13,"target":6,"date":"2020-11-21T06:48:57","type":"hints"},{"id":5,"user_id":15,"team_id":10,"target":5,"date":"2020-11-21T07:00:34","type":"hints"},{"id":6,"user_id":25,"team_id":20,"target":6,"date":"2020-11-21T07:13:02","type":"hints"},{"id":7,"user_id":29,"team_id":20,"target":5,"date":"2020-11-21T07:15:15","type":"hints"},{"id":8,"user_id":25,"team_id":20,"target":7,"date":"2020-11-21T07:19:00","type":"hints"},{"id":9,"user_id":29,"team_id":20,"target":4,"date":"2020-11-21T07:19:50","type":"hints"},{"id":10,"user_id":15,"team_id":10,"target":4,"date":"2020-11-21T07:19:54","type":"hints"},{"id":11,"user_id":34,"team_id":19,"target":6,"date":"2020-11-21T07:23:49","type":"hints"},{"id":12,"user_id":28,"team_id":18,"target":2,"date":"2020-11-21T07:40:09","type":"hints"},{"id":13,"user_id":34,"team_id":19,"target":5,"date":"2020-11-21T07:42:38","type":"hints"},{"id":14,"user_id":15,"team_id":10,"target":6,"date":"2020-11-21T07:43:00","type":"hints"},{"id":15,"user_id":7,"team_id":5,"target":8,"date":"2020-11-21T07:45:52","type":"hints"},{"id":16,"user_id":34,"team_id":19,"target":7,"date":"2020-11-21T07:46:12","type":"hints"},{"id":17,"user_id":7,"team_id":5,"target":5,"date":"2020-11-21T07:47:36","type":"hints"},{"id":18,"user_id":28,"team_id":18,"target":4,"date":"2020-11-21T07:50:43","type":"hints"},{"id":19,"user_id":28,"team_id":18,"target":5,"date":"2020-11-21T07:52:43","type":"hints"},{"id":20,"user_id":7,"team_id":5,"target":10,"date":"2020-11-21T07:54:02","type":"hints"},{"id":21,"user_id":29,"team_id":20,"target":8,"date":"2020-11-21T07:54:20","type":"hints"},{"id":22,"user_id":27,"team_id":13,"target":1,"date":"2020-11-21T07:55:27","type":"hints"},{"id":23,"user_id":22,"team_id":14,"target":9,"date":"2020-11-21T08:20:52","type":"hints"},{"id":24,"user_id":7,"team_id":5,"target":6,"date":"2020-11-21T18:38:19","type":"hints"},{"id":25,"user_id":7,"team_id":5,"target":7,"date":"2020-11-21T18:38:24","type":"hints"},{"id":26,"user_id":7,"team_id":5,"target":11,"date":"2020-11-21T18:38:50","type":"hints"},{"id":27,"user_id":7,"team_id":5,"target":9,"date":"2020-11-21T18:39:01","type":"hints"}],"meta":{}}