{"count":32,"results":[{"id":1,"oauth_id":null,"name":"NPadmin","password":"$bcrypt-sha256$2b,12$ON.zGwD2ZFltuWhzT.x7aO$nwWFLtVq3xLxLOZ.Z/t.QsV2nY40Y5m","email":"admin@nullsecsig.com","type":"admin","secret":null,"website":null,"affiliation":null,"country":null,"bracket":null,"hidden":1,"banned":0,"verified":0,"team_id":2,"created":"2020-11-17T06:42:08"},{"id":5,"oauth_id":null,"name":"Zavier","password":"$bcrypt-sha256$2b,12$L47kgaCyYJg4vqZ8X05pju$b/bJtBd0icZOu8RztzsZnjOml3Rn0P.","email":"zavierspamstuff@gmail.com","type":"user","secret":null,"website":null,"affiliation":null,"country":null,"bracket":null,"hidden":0,"banned":0,"verified":0,"team_id":4,"created":"2020-11-21T06:05:51"},{"id":6,"oauth_id":null,"name":"Grey Cracker","password":"$bcrypt-sha256$2b,12$3ZqdqVi22ftlP4ZxYsOGQ.$hrGc9YOLeZaT1ivDvhuxtWyFtyqzLva","email":"velicia_seraphine_tanyory@cchy.edu.sg","type":"user","secret":null,"website":null,"affiliation":null,"country":null,"bracket":null,"hidden":0,"banned":0,"verified":0,"team_id":null,"created":"2020-11-21T06:06:04"},{"id":7,"oauth_id":null,"name":"jerremmvy","password":"$bcrypt-sha256$2b,12$CJ.6GmMSYqgwSE4dq1a45O$8xCEpBy8LSzxmandbGD0uUKQyoOlx06","email":"martialplaysroblox@gmail.com","type":"user","secret":null,"website":null,"affiliation":null,"country":null,"bracket":null,"hidden":0,"banned":0,"verified":0,"team_id":5,"created":"2020-11-21T06:06:16"},{"id":8,"oauth_id":null,"name":"Julia","password":"$bcrypt-sha256$2b,12$1O0Uqsf9gJQi6iOFP3MeC.$/YB4ko5FE4hLqjqoXveDS5IUCPLPpda","email":"juliajylim@gmail.com","type":"user","secret":null,"website":null,"affiliation":null,"country":null,"bracket":null,"hidden":0,"banned":0,"verified":0,"team_id":6,"created":"2020-11-21T06:06:42"},{"id":9,"oauth_id":null,"name":"Zi Jing","password":"$bcrypt-sha256$2b,12$FA8.ytIkfe8qoXlhRAo2P.$eqoOaS6yW0xjxX9xr3pATyTPagOJaoK","email":"rachel.tan7@ymail.com","type":"user","secret":null,"website":null,"affiliation":null,"country":null,"bracket":null,"hidden":0,"banned":0,"verified":0,"team_id":7,"created":"2020-11-21T06:06:43"},{"id":10,"oauth_id":null,"name":"clarice","password":"$bcrypt-sha256$2b,12$ANjEju2dAig6UEFlob.2H.$peMi0v6FQ6DWhbqxKHcVYM2DVJmCyR6","email":"hweehuiting@gmail.com","type":"user","secret":null,"website":null,"affiliation":null,"country":null,"bracket":null,"hidden":0,"banned":0,"verified":0,"team_id":6,"created":"2020-11-21T06:06:44"},{"id":11,"oauth_id":null,"name":"NousernameSG","password":"$bcrypt-sha256$2b,12$6sWpXpcUezwsJeNEEfnZIO$3k10sYQv8at0i3D5CyOG4Zw.IlT4s9.","email":"nousernamesg@gmail.com","type":"user","secret":null,"website":null,"affiliation":null,"country":null,"bracket":null,"hidden":0,"banned":0,"verified":0,"team_id":9,"created":"2020-11-21T06:07:00"},{"id":12,"oauth_id":null,"name":"jovie","password":"$bcrypt-sha256$2b,12$5Z.6aA2cUevAEzMVAjm2l.$b5N5B10USTkTvMV6eiLxhuGGeiglth.","email":"jovieextra@gmail.com","type":"user","secret":null,"website":null,"affiliation":null,"country":null,"bracket":null,"hidden":0,"banned":0,"verified":0,"team_id":5,"created":"2020-11-21T06:07:20"},{"id":13,"oauth_id":null,"name":"Ryanc","password":"$bcrypt-sha256$2b,12$IdLfpXTa7o/fbR6vS807Fe$pFjUvsvqlWNva.DuhcTo9dFIquxsLq.","email":"ryancheong2015@gmail.com","type":"user","secret":null,"website":null,"affiliation":null,"country":null,"bracket":null,"hidden":0,"banned":0,"verified":0,"team_id":8,"created":"2020-11-21T06:07:29"},{"id":14,"oauth_id":null,"name":"Velicia","password":"$bcrypt-sha256$2b,12$VGxIEzGeJMj.XgOzWPIQ5u$IRyUxYup7NHFCPxRqbvyw5zzXSYwkmq","email":"velicia.tanyory@gmail.com","type":"user","secret":null,"website":null,"affiliation":null,"country":null,"bracket":null,"hidden":0,"banned":0,"verified":0,"team_id":7,"created":"2020-11-21T06:08:11"},{"id":15,"oauth_id":null,"name":"6yrolds-edison","password":"$bcrypt-sha256$2b,12$GI1Sn9sILESXnaGxt/8nCO$Gq1VJEU9g8cXXoPbwgbhwVHbpe11Wiu","email":"ccwang106@gmail.com","type":"user","secret":null,"website":null,"affiliation":null,"country":null,"bracket":null,"hidden":0,"banned":0,"verified":0,"team_id":10,"created":"2020-11-21T06:08:14"},{"id":16,"oauth_id":null,"name":"Emergency Food_Walter","password":"$bcrypt-sha256$2b,12$sCIQ5BkNWlk2H56bjytc/O$sP0auw318jIN472kXeAjZORNbOwEY1a","email":"justwaltertan@gmail.com","type":"user","secret":null,"website":null,"affiliation":null,"country":null,"bracket":null,"hidden":0,"banned":0,"verified":0,"team_id":12,"created":"2020-11-21T06:08:36"},{"id":17,"oauth_id":null,"name":"linxithecat","password":"$bcrypt-sha256$2b,12$BkpfPg0C39l2uDIRMruFnO$AM.BRxAnXIhKzeBS/bl690TsEndZ/Va","email":"liuli0405g@ycss.edu.sg","type":"user","secret":null,"website":null,"affiliation":null,"country":null,"bracket":null,"hidden":0,"banned":0,"verified":0,"team_id":9,"created":"2020-11-21T06:08:38"},{"id":18,"oauth_id":null,"name":"Big Url_raen","password":"$bcrypt-sha256$2b,12$L.Ic7KUtpTr392i.J3bO3O$02YfdOH.biTXRn9rPhm1o.YUk7BamEy","email":"raentham1@gmail.com","type":"user","secret":null,"website":null,"affiliation":null,"country":null,"bracket":null,"hidden":0,"banned":0,"verified":0,"team_id":13,"created":"2020-11-21T06:08:39"},{"id":19,"oauth_id":null,"name":"h","password":"$bcrypt-sha256$2b,12$cAF3G1FZLdgcBAXzve00E.$aXpgxHs4fMqgTJMtg7U2.R1pomGm6ei","email":"tan.kai.zee.018s@mshs.edu.sg","type":"user","secret":null,"website":null,"affiliation":null,"country":null,"bracket":null,"hidden":0,"banned":0,"verified":0,"team_id":null,"created":"2020-11-21T06:08:44"},{"id":20,"oauth_id":null,"name":"Jay Viyas","password":"$bcrypt-sha256$2b,12$cADvC9jXEkJBFql8MlD0re$PJ4au7GVBm5VX18qsRd/gmwAhkLYj/6","email":"jayvi4494d@stpats.edu.sg","type":"user","secret":null,"website":null,"affiliation":null,"country":null,"bracket":null,"hidden":0,"banned":0,"verified":0,"team_id":16,"created":"2020-11-21T06:09:27"},{"id":21,"oauth_id":null,"name":"TEAM_khi chan","password":"$bcrypt-sha256$2b,12$7RLcGikYBk8M2LzcMcQZue$88I/g6FRIn/Oz5GzRvbl5aiaLnnTOlC","email":"khawkhichan@gmail.com","type":"user","secret":null,"website":null,"affiliation":null,"country":null,"bracket":null,"hidden":0,"banned":0,"verified":0,"team_id":11,"created":"2020-11-21T06:09:43"},{"id":22,"oauth_id":null,"name":"Benjaminthree","password":"$bcrypt-sha256$2b,12$XboLPh9WOu.KF3Mcqau8W.$eYQfyq7ISSWe7jMHznh6LaBCbU6r08.","email":"benjamin_edward_raharjo_06@montfortsec.edu.sg","type":"user","secret":null,"website":null,"affiliation":null,"country":null,"bracket":null,"hidden":0,"banned":0,"verified":0,"team_id":14,"created":"2020-11-21T06:09:49"},{"id":23,"oauth_id":null,"name":"mint","password":"$bcrypt-sha256$2b,12$bPGZSE3SqUI4n2ndZCBDB.$myAcRL0jjn2vdeP7LaDyvjgpFDZUSWS","email":"ongjie90@gmail.com","type":"user","secret":null,"website":null,"affiliation":null,"country":null,"bracket":null,"hidden":0,"banned":0,"verified":0,"team_id":null,"created":"2020-11-21T06:10:18"},{"id":24,"oauth_id":null,"name":"JunJie","password":"$bcrypt-sha256$2b,12$Ay4XsSJLTSNxKwwN2W3OGu$rX3lMxQ9jagt7LQ1V1zSD85Gk3ZCAxW","email":"ongjunjie05@gmail.com","type":"user","secret":null,"website":null,"affiliation":null,"country":null,"bracket":null,"hidden":0,"banned":0,"verified":0,"team_id":4,"created":"2020-11-21T06:10:44"},{"id":25,"oauth_id":null,"name":"\u200f\u200f\u200eh","password":"$bcrypt-sha256$2b,12$cRW6fCP9onCUtzFvPhK2A.$71mO4K9GJFHnT0ua/9v8vEspEdc/BMG","email":"ian.loh.wei.zhi.18s@mshs.edu.sg","type":"user","secret":null,"website":null,"affiliation":"ur mom","country":"SG","bracket":null,"hidden":0,"banned":0,"verified":0,"team_id":20,"created":"2020-11-21T06:11:24"},{"id":26,"oauth_id":null,"name":"benwoo","password":"$bcrypt-sha256$2b,12$x.icuq/tTN0/R.TN0b15EO$y1EQsFGS8fdmUvdW782SvG74eBLVZOS","email":"wben1110@gmail.com","type":"user","secret":null,"website":null,"affiliation":null,"country":null,"bracket":null,"hidden":0,"banned":0,"verified":0,"team_id":17,"created":"2020-11-21T06:14:06"},{"id":27,"oauth_id":null,"name":"Xuan Kai","password":"$bcrypt-sha256$2b,12$U3XLYBdCI/du0PAomgAdDu$AQcO0K2MLT5d0e01KvTY38kzWMqWkQS","email":"xkyeoh@gmail.com","type":"user","secret":null,"website":null,"affiliation":null,"country":null,"bracket":null,"hidden":0,"banned":0,"verified":0,"team_id":13,"created":"2020-11-21T06:15:04"},{"id":28,"oauth_id":null,"name":"shopee 11 11","password":"$bcrypt-sha256$2b,12$jXqIRgCo7wyXjxG4pWhv5.$hZwLMA6LpWtkmJC57TQPdKzuStATfmi","email":"gengshiang@gmail.com","type":"user","secret":null,"website":null,"affiliation":null,"country":null,"bracket":null,"hidden":0,"banned":0,"verified":0,"team_id":18,"created":"2020-11-21T06:15:47"},{"id":29,"oauth_id":null,"name":"h - Kai Zee","password":"$bcrypt-sha256$2b,12$RcszJ76sw5VpY9rrBpOqeu$igJ9XfDODp7sQ0x5VbAM49SmN9OylyS","email":"anonymous.kz.314159@gmail.com","type":"user","secret":null,"website":null,"affiliation":null,"country":null,"bracket":null,"hidden":0,"banned":0,"verified":0,"team_id":20,"created":"2020-11-21T06:17:18"},{"id":30,"oauth_id":null,"name":"Milan","password":"$bcrypt-sha256$2b,12$gQzvziLM6Zo0zP0JO.WWT.$k9bEUxNMc9sn.5l1VRvMf8r.5zBVCVC","email":"milanmorice74@gmail.com","type":"user","secret":null,"website":null,"affiliation":null,"country":null,"bracket":null,"hidden":0,"banned":0,"verified":0,"team_id":18,"created":"2020-11-21T06:20:22"},{"id":32,"oauth_id":null,"name":"ice","password":"$bcrypt-sha256$2b,12$XoQLMoLnrKzSk5UK24hvnO$EISbXJGgTbMFPRfgm5Mj5WLVQabppDG","email":"utotuhackedme@gmail.com","type":"user","secret":null,"website":null,"affiliation":null,"country":null,"bracket":null,"hidden":0,"banned":0,"verified":0,"team_id":14,"created":"2020-11-21T06:22:46"},{"id":33,"oauth_id":null,"name":"Zachary Tan","password":"$bcrypt-sha256$2b,12$nS8wYUEEt3E.gByr9sDtC.$zFZFqOCXAuor3wdKG.mUiTLHEGbo8gS","email":"tanhi2103a@stpats.edu.sg","type":"user","secret":null,"website":null,"affiliation":null,"country":null,"bracket":null,"hidden":0,"banned":0,"verified":0,"team_id":16,"created":"2020-11-21T06:23:29"},{"id":34,"oauth_id":null,"name":"Zuriel","password":"$bcrypt-sha256$2b,12$xK3xU1qjCLIyqXN4GRjF4e$/9t49oJ6a12X5y9ppCV18niP7qxYji6","email":"zuriel.shanley@gmail.com","type":"user","secret":null,"website":null,"affiliation":null,"country":null,"bracket":null,"hidden":0,"banned":0,"verified":0,"team_id":19,"created":"2020-11-21T06:23:34"},{"id":35,"oauth_id":null,"name":"emergency food","password":"$bcrypt-sha256$2b,12$yjt7DxaOF1c2cWeDB7ctKO$skvypL9T4LxZvgFqh8/5bOQ8IQxvMYS","email":"taliaaaa09@gmail.com","type":"user","secret":null,"website":null,"affiliation":null,"country":null,"bracket":null,"hidden":0,"banned":0,"verified":0,"team_id":12,"created":"2020-11-21T06:33:58"},{"id":37,"oauth_id":null,"name":"tester","password":"$bcrypt-sha256$2b,12$AIrBH0VRSLsQepgvdG.Zqe$T26lpwGnjfy/.zQoJI6myIKJog4qeWC","email":"tester@nullsecsig.com","type":"user","secret":null,"website":null,"affiliation":null,"country":null,"bracket":null,"hidden":0,"banned":0,"verified":0,"team_id":21,"created":"2020-11-21T07:41:20"}],"meta":{}}